"id","content_type_id","codename","name"
"1","1","add_logentry","Can add log entry"
"2","1","change_logentry","Can change log entry"
"3","1","delete_logentry","Can delete log entry"
"4","1","view_logentry","Can view log entry"
"5","2","add_permission","Can add permission"
"6","2","change_permission","Can change permission"
"7","2","delete_permission","Can delete permission"
"8","2","view_permission","Can view permission"
"9","3","add_group","Can add group"
"10","3","change_group","Can change group"
"11","3","delete_group","Can delete group"
"12","3","view_group","Can view group"
"13","4","add_user","Can add user"
"14","4","change_user","Can change user"
"15","4","delete_user","Can delete user"
"16","4","view_user","Can view user"
"17","5","add_contenttype","Can add content type"
"18","5","change_contenttype","Can change content type"
"19","5","delete_contenttype","Can delete content type"
"20","5","view_contenttype","Can view content type"
"21","6","add_session","Can add session"
"22","6","change_session","Can change session"
"23","6","delete_session","Can delete session"
"24","6","view_session","Can view session"
"25","7","add_platformpayloadfirmware","Can add platform payload firmware"
"26","7","change_platformpayloadfirmware","Can change platform payload firmware"
"27","7","delete_platformpayloadfirmware","Can delete platform payload firmware"
"28","7","view_platformpayloadfirmware","Can view platform payload firmware"
"29","8","add_platformcompany","Can add platform company"
"30","8","change_platformcompany","Can change platform company"
"31","8","delete_platformcompany","Can delete platform company"
"32","8","view_platformcompany","Can view platform company"
"33","9","add_platformmission","Can add platform mission"
"34","9","change_platformmission","Can change platform mission"
"35","9","delete_platformmission","Can delete platform mission"
"36","9","view_platformmission","Can view platform mission"
"37","10","add_platformpayload","Can add platform payload"
"38","10","change_platformpayload","Can change platform payload"
"39","10","delete_platformpayload","Can delete platform payload"
"40","10","view_platformpayload","Can view platform payload"
"41","11","add_platformnavigationfirmware","Can add platform navigation firmware"
"42","11","change_platformnavigationfirmware","Can change platform navigation firmware"
"43","11","delete_platformnavigationfirmware","Can delete platform navigation firmware"
"44","11","view_platformnavigationfirmware","Can view platform navigation firmware"
"45","12","add_platformbattery","Can add platform battery"
"46","12","change_platformbattery","Can change platform battery"
"47","12","delete_platformbattery","Can delete platform battery"
"48","12","view_platformbattery","Can view platform battery"
"49","13","add_platformpayloadfirmwareupgrade","Can add platform payload firmware upgrade"
"50","13","change_platformpayloadfirmwareupgrade","Can change platform payload firmware upgrade"
"51","13","delete_platformpayloadfirmwareupgrade","Can delete platform payload firmware upgrade"
"52","13","view_platformpayloadfirmwareupgrade","Can view platform payload firmware upgrade"
"53","14","add_platformrelease","Can add platform release"
"54","14","change_platformrelease","Can change platform release"
"55","14","delete_platformrelease","Can delete platform release"
"56","14","view_platformrelease","Can view platform release"
"57","15","add_platformfirmwareupgrade","Can add platform firmware upgrade"
"58","15","change_platformfirmwareupgrade","Can change platform firmware upgrade"
"59","15","delete_platformfirmwareupgrade","Can delete platform firmware upgrade"
"60","15","view_platformfirmwareupgrade","Can view platform firmware upgrade"
"61","16","add_platformname","Can add platform name"
"62","16","change_platformname","Can change platform name"
"63","16","delete_platformname","Can delete platform name"
"64","16","view_platformname","Can view platform name"
"65","17","add_platformmaintenance","Can add platform maintenance"
"66","17","change_platformmaintenance","Can change platform maintenance"
"67","17","delete_platformmaintenance","Can delete platform maintenance"
"68","17","view_platformmaintenance","Can view platform maintenance"
"69","18","add_instrumenttype","Can add instrument type"
"70","18","change_instrumenttype","Can change instrument type"
"71","18","delete_instrumenttype","Can delete instrument type"
"72","18","view_instrumenttype","Can view instrument type"
"73","19","add_instrumentserialnumber","Can add instrument serial number"
"74","19","change_instrumentserialnumber","Can change instrument serial number"
"75","19","delete_instrumentserialnumber","Can delete instrument serial number"
"76","19","view_instrumentserialnumber","Can view instrument serial number"
"77","20","add_instrumentmodel","Can add instrument model"
"78","20","change_instrumentmodel","Can change instrument model"
"79","20","delete_instrumentmodel","Can delete instrument model"
"80","20","view_instrumentmodel","Can view instrument model"
"81","21","add_instrumentmission","Can add instrument mission"
"82","21","change_instrumentmission","Can change instrument mission"
"83","21","delete_instrumentmission","Can delete instrument mission"
"84","21","view_instrumentmission","Can view instrument mission"
"85","22","add_instrumentmake","Can add instrument make"
"86","22","change_instrumentmake","Can change instrument make"
"87","22","delete_instrumentmake","Can delete instrument make"
"88","22","view_instrumentmake","Can view instrument make"
"89","23","add_instrumentcalibration","Can add instrument calibration"
"90","23","change_instrumentcalibration","Can change instrument calibration"
"91","23","delete_instrumentcalibration","Can delete instrument calibration"
"92","23","view_instrumentcalibration","Can view instrument calibration"
"93","24","add_contributorpeople","Can add contributor people"
"94","24","change_contributorpeople","Can change contributor people"
"95","24","delete_contributorpeople","Can delete contributor people"
"96","24","view_contributorpeople","Can view contributor people"
"97","25","add_contributorrole","Can add contributor role"
"98","25","change_contributorrole","Can change contributor role"
"99","25","delete_contributorrole","Can delete contributor role"
"100","25","view_contributorrole","Can view contributor role"
"101","26","add_argostag","Can add argos tag"
"102","26","change_argostag","Can change argos tag"
"103","26","delete_argostag","Can delete argos tag"
"104","26","view_argostag","Can view argos tag"
"105","27","add_institute","Can add institute"
"106","27","change_institute","Can change institute"
"107","27","delete_institute","Can delete institute"
"108","27","view_institute","Can view institute"
"109","28","add_vessel","Can add vessel"
"110","28","change_vessel","Can change vessel"
"111","28","delete_vessel","Can delete vessel"
"112","28","view_vessel","Can view vessel"
"113","29","add_argostagptt","Can add argos tag ptt"
"114","29","change_argostagptt","Can change argos tag ptt"
"115","29","delete_argostagptt","Can delete argos tag ptt"
"116","29","view_argostagptt","Can view argos tag ptt"
"117","30","add_argostagserialnumber","Can add argos tag serial number"
"118","30","change_argostagserialnumber","Can change argos tag serial number"
"119","30","delete_argostagserialnumber","Can delete argos tag serial number"
"120","30","view_argostagserialnumber","Can view argos tag serial number"
"121","31","add_mission","Can add mission"
"122","31","change_mission","Can change mission"
"123","31","delete_mission","Can delete mission"
"124","31","view_mission","Can view mission"
"125","32","add_variablecfstandard","Can add variable cf standard"
"126","32","change_variablecfstandard","Can change variable cf standard"
"127","32","delete_variablecfstandard","Can delete variable cf standard"
"128","32","view_variablecfstandard","Can view variable cf standard"
"129","33","add_platformvariable","Can add platform variable"
"130","33","change_platformvariable","Can change platform variable"
"131","33","delete_platformvariable","Can delete platform variable"
"132","33","view_platformvariable","Can view platform variable"
"133","34","add_vocabulary","Can add vocabulary"
"134","34","change_vocabulary","Can change vocabulary"
"135","34","delete_vocabulary","Can delete vocabulary"
"136","34","view_vocabulary","Can view vocabulary"
"137","35","add_instrumentvariable","Can add instrument variable"
"138","35","change_instrumentvariable","Can change instrument variable"
"139","35","delete_instrumentvariable","Can delete instrument variable"
"140","35","view_instrumentvariable","Can view instrument variable"
"141","36","add_contributormission","Can add contributor mission"
"142","36","change_contributormission","Can change contributor mission"
"143","36","delete_contributormission","Can delete contributor mission"
"144","36","view_contributormission","Can view contributor mission"
"145","37","add_unitcfstandard","Can add unit cf standard"
"146","37","change_unitcfstandard","Can change unit cf standard"
"147","37","delete_unitcfstandard","Can delete unit cf standard"
"148","37","view_unitcfstandard","Can view unit cf standard"
"149","38","add_unitnercstandard","Can add unit nerc standard"
"150","38","change_unitnercstandard","Can change unit nerc standard"
"151","38","delete_unitnercstandard","Can delete unit nerc standard"
"152","38","view_unitnercstandard","Can view unit nerc standard"
"153","39","add_variablenercstandard","Can add variable nerc standard"
"154","39","change_variablenercstandard","Can change variable nerc standard"
"155","39","delete_variablenercstandard","Can delete variable nerc standard"
"156","39","view_variablenercstandard","Can view variable nerc standard"
"157","40","add_variable","Can add variable"
"158","40","change_variable","Can change variable"
"159","40","delete_variable","Can delete variable"
"160","40","view_variable","Can view variable"
"161","41","add_instrumentseabird43foxygencalibrationcoefficients","Can add instrument seabird43f oxygen calibration coefficients"
"162","41","change_instrumentseabird43foxygencalibrationcoefficients","Can change instrument seabird43f oxygen calibration coefficients"
"163","41","delete_instrumentseabird43foxygencalibrationcoefficients","Can delete instrument seabird43f oxygen calibration coefficients"
"164","41","view_instrumentseabird43foxygencalibrationcoefficients","Can view instrument seabird43f oxygen calibration coefficients"
"165","42","add_role","Can add role"
"166","42","change_role","Can change role"
"167","42","delete_role","Can delete role"
"168","42","view_role","Can view role"
"169","43","add_contributinginstitutionmission","Can add contributing institution mission"
"170","43","change_contributinginstitutionmission","Can change contributing institution mission"
"171","43","delete_contributinginstitutionmission","Can delete contributing institution mission"
"172","43","view_contributinginstitutionmission","Can view contributing institution mission"