"id","app","name","applied"
"1","contenttypes","0001_initial","2022-12-09 19:04:13.912121"
"2","auth","0001_initial","2022-12-09 19:04:13.948124"
"3","admin","0001_initial","2022-12-09 19:04:13.964121"
"4","admin","0002_logentry_remove_auto_add","2022-12-09 19:04:13.980126"
"5","admin","0003_logentry_add_action_flag_choices","2022-12-09 19:04:13.991126"
"6","contenttypes","0002_remove_content_type_name","2022-12-09 19:04:14.014129"
"7","auth","0002_alter_permission_name_max_length","2022-12-09 19:04:14.029122"
"8","auth","0003_alter_user_email_max_length","2022-12-09 19:04:14.045124"
"9","auth","0004_alter_user_username_opts","2022-12-09 19:04:14.055122"
"10","auth","0005_alter_user_last_login_null","2022-12-09 19:04:14.068121"
"11","auth","0006_require_contenttypes_0002","2022-12-09 19:04:14.074123"
"12","auth","0007_alter_validators_add_error_messages","2022-12-09 19:04:14.084122"
"13","auth","0008_alter_user_username_max_length","2022-12-09 19:04:14.115125"
"14","auth","0009_alter_user_last_name_max_length","2022-12-09 19:04:14.133124"
"15","auth","0010_alter_group_name_max_length","2022-12-09 19:04:14.148121"
"16","auth","0011_update_proxy_permissions","2022-12-09 19:04:14.159121"
"17","auth","0012_alter_user_first_name_max_length","2022-12-09 19:04:14.174122"
"18","sessions","0001_initial","2022-12-09 19:04:14.186122"
"19","gliderMetadataApp","0001_initial","2022-12-13 19:38:46.645592"
"20","gliderMetadataApp","0002_instrumentcalibration_instrumentmake_instrumentmodel_and_more","2022-12-13 19:59:48.214924"
"21","gliderMetadataApp","0003_remove_platformmission_platform_missionbattery_and_more","2022-12-16 18:59:22.656814"
"22","gliderMetadataApp","0004_contributorpeople_contributorrole_and_more","2023-01-10 15:22:30.045389"
"23","gliderMetadataApp","0005_argostag_institute_vessel","2023-01-10 15:22:30.055455"
"24","gliderMetadataApp","0006_alter_argostag_argostag_serialnumber","2023-01-11 13:33:36.345729"
"25","gliderMetadataApp","0007_argostagptt_argostagserialnumber_delete_argostag","2023-03-09 15:57:10.196590"
"26","gliderMetadataApp","0008_mission","2023-05-09 17:26:32.220256"
"27","gliderMetadataApp","0009_instrumentmission_instrument_mission","2023-05-09 17:26:32.242477"
"28","gliderMetadataApp","0010_alter_mission_mission_maximumlatitude_and_more","2023-07-13 14:40:23.203487"
"29","gliderMetadataApp","0011_alter_mission_mission_numberofalarms","2023-07-13 14:51:44.100236"
"30","gliderMetadataApp","0012_alter_mission_mission_comments_and_more","2023-07-13 17:34:32.898016"
"31","gliderMetadataApp","0013_vocabulary_variablecfstandard_platformvariable_and_more","2023-07-21 13:26:11.931653"
"32","gliderMetadataApp","0014_contributorrole_contributor_vocabulary","2023-07-21 13:49:48.315608"
"33","gliderMetadataApp","0015_vocabulary_vocabulary_notes","2023-07-21 14:03:53.762524"
"34","gliderMetadataApp","0016_rename_vocabulary_notes_vocabulary_vocabulary_note","2023-07-21 14:05:41.563838"
"35","gliderMetadataApp","0017_rename_vocabulary_vocabulary_vocabulary_name","2023-07-21 14:07:51.067997"
"36","gliderMetadataApp","0018_contributormission","2023-07-24 14:38:31.447203"
"37","gliderMetadataApp","0019_mission_mission_summary","2023-07-24 14:54:48.215363"
"38","gliderMetadataApp","0020_unitcfstandard_unitnercstandard_and_more","2023-08-25 17:47:33.677390"
"39","gliderMetadataApp","0021_instrumentseabird43foxygencalibrationcoefficients","2024-07-29 13:55:39.205925"
"40","gliderMetadataApp","0022_rename_calibrationseabird43f_calibration_instrumentseabird43foxygencalibrationcoefficients_calibrati","2024-07-29 18:40:33.921125"
"41","gliderMetadataApp","0023_remove_variable_variable_nercunit_and_more","2024-07-31 13:37:02.936150"
"42","gliderMetadataApp","0024_remove_instrumentvariable_instrument_variablestandardname_and_more","2024-07-31 17:51:36.562779"
"43","gliderMetadataApp","0025_remove_platformvariable_platform_variablestandardname_and_more","2024-07-31 18:41:54.691888"
"44","gliderMetadataApp","0026_mission_mission_contributinginstitutionvocabulary_and_more","2024-08-21 11:45:08.873859"
"45","gliderMetadataApp","0027_mission_mission_network","2024-08-22 16:32:25.344997"
"46","gliderMetadataApp","0028_alter_contributorrole_contributor_vocabulary","2024-08-23 18:44:08.969162"
"47","gliderMetadataApp","0029_instrumentvariable_instrument_gmcdkeyword","2024-08-26 12:09:14.729958"
"48","gliderMetadataApp","0030_rename_instrument_gmcdkeyword_instrumentvariable_instrument_gcmdkeyword","2024-08-26 12:27:48.086339"
"49","gliderMetadataApp","0031_role_remove_institute_institute_agency_and_more","2024-08-26 14:11:59.444876"
"50","gliderMetadataApp","0032_mission_mission_project","2024-08-30 13:24:26.222152"
"51","gliderMetadataApp","0033_instrumentvariable_instrument_accuracy_and_more","2024-10-23 11:42:16.334068"
"52","gliderMetadataApp","0034_alter_instrumentvariable_instrument_accuracy_and_more","2024-10-23 13:27:51.242525"