"id","app_label","model"
"1","admin","logentry"
"2","auth","permission"
"3","auth","group"
"4","auth","user"
"5","contenttypes","contenttype"
"6","sessions","session"
"7","gliderMetadataApp","platformpayloadfirmware"
"8","gliderMetadataApp","platformcompany"
"9","gliderMetadataApp","platformmission"
"10","gliderMetadataApp","platformpayload"
"11","gliderMetadataApp","platformnavigationfirmware"
"12","gliderMetadataApp","platformbattery"
"13","gliderMetadataApp","platformpayloadfirmwareupgrade"
"14","gliderMetadataApp","platformrelease"
"15","gliderMetadataApp","platformfirmwareupgrade"
"16","gliderMetadataApp","platformname"
"17","gliderMetadataApp","platformmaintenance"
"18","gliderMetadataApp","instrumenttype"
"19","gliderMetadataApp","instrumentserialnumber"
"20","gliderMetadataApp","instrumentmodel"
"21","gliderMetadataApp","instrumentmission"
"22","gliderMetadataApp","instrumentmake"
"23","gliderMetadataApp","instrumentcalibration"
"24","gliderMetadataApp","contributorpeople"
"25","gliderMetadataApp","contributorrole"
"26","gliderMetadataApp","argostag"
"27","gliderMetadataApp","institute"
"28","gliderMetadataApp","vessel"
"29","gliderMetadataApp","argostagptt"
"30","gliderMetadataApp","argostagserialnumber"
"31","gliderMetadataApp","mission"
"32","gliderMetadataApp","variablecfstandard"
"33","gliderMetadataApp","platformvariable"
"34","gliderMetadataApp","vocabulary"
"35","gliderMetadataApp","instrumentvariable"
"36","gliderMetadataApp","contributormission"
"37","gliderMetadataApp","unitcfstandard"
"38","gliderMetadataApp","unitnercstandard"
"39","gliderMetadataApp","variablenercstandard"
"40","gliderMetadataApp","variable"
"41","gliderMetadataApp","instrumentseabird43foxygencalibrationcoefficients"
"42","gliderMetadataApp","role"
"43","gliderMetadataApp","contributinginstitutionmission"